{
  "Latijn, denkwijs": {
    "blz 10_a": [
      { "a": "suntne", "b": "zijn zij?"},
      { "a": "inquit", "b": "hij/zij zegt"},
      { "a": "sunt", "b": "zij zijn"},
      { "a": "Romae", "b": "in Rome"},
      { "a": "novum/novo", "b": "nieuw"},
      { "a": "templum", "b": "tempel"},
      { "a": "in templo", "b": "in de tempel"},
      { "a": "antiquum", "b": "oud"},
      { "a": "est", "b": "hij/zij is"},
      { "a": "quoque", "b": "ook"},
      { "a": "sed", "b": "maar"},
      { "a": "non", "b": "niet"},
      { "a": "videt", "b": "hij/zij ziet"}
    ],
    "blz 10_b": [
      { "a": "tu", "b": "jij"},
      { "a": "quis/qui", "b": "wie(ev/mv)"},
      { "a": "vident", "b": "zij zien"},
      { "a": "salve", "b": "hallo (tegen 1 persoon)"},
      { "a": "salvete", "b": "hallo (tegen 2+ personen)"},
      { "a": "puer", "b": "jongen"},
      { "a": "magnus", "b": "groot"},
      { "a": "parvus", "b": "klein"},
      { "a": "eos", "b": "hen"},
      { "a": "salutat", "b": "hij/zij groet"},
      { "a": "sum", "b": "ik ben"},
      { "a": "es", "b": "jij bent"},
      { "a": "estis", "b": "jullie zijn"},
      { "a": "interrogat", "b": "hij/zij vraagt"}
    ]
  },
  "Formidable": {
    "Marche 15_1": [
      { "a": "j'ai envie de", "b": "ik heb zin in" },
      { "a": "je recois", "b": "ik ontvang" },
      { "a": "je me souviens de", "b": "ik herinner me" },
      { "a": "je serai(etre)", "b": "ik zal zijn" },
      { "a": "j'aurai(avoir)", "b": "ik zal hebben" },
      { "a": "je ferai(faire)", "b": "ik zal doen/maken" },
      { "a": "l'effort(M)", "b": "de moeite" },
      { "a": "la route", "b": "de weg" },
      { "a": "le plaisir", "b": "het plezier" },
      { "a": "le chagrin", "b": "het verdriet" },
      { "a": "le service", "b": "de dienst" },
      { "a": "ne..ni..ni", "b": "geen-ook geen" },
      { "a": "ne..pas encore", "b": "nog niet" },
      { "a": "le mot","b": "het woord" }
    ],
  "Marche 15_2": [
      { "a": "le rendez-vous", "b": "de afspraak" },
      { "a": "important", "b": "belangrijk" },
      { "a": "gentil-gentille", "b": "aardig" },
      { "a": "parfait", "b": "perfect" },
      { "a": "bonsoir", "b": "goedenavond" },
      { "a": "d'abord", "b": "ten eerste" },
      { "a": "ensuite", "b": "vervolgens" },
      { "a": "finalement", "b": "tenslotte" },
      { "a": "ne..pas", "b": "niet-geen" },
      { "a": "ne..plus", "b": "niet meer" },
      { "a": "ne..rien", "b": "niets" },
      { "a": "ne..nulle part", "b": "nergens" },
      { "a": "ne..personne", "b": "niemand " },
      { "a": "ne..aucun(e)", "b": "geen enkele" },
      { "a": "ne..jamais","b": "nooit" }
    ]
  },
  "SPQR": {
    "1_Flumen_1": [
      { "a": "ad", "b": "naar, tot"},
      { "a": "aqua", "b": "water"},
      { "a": "arbor, arbores", "b": "boom"},
      { "a": "audire", "b": "horen"},
      { "a": "clamare", "b": "schreeuwen"},
      { "a": "et", "b": "en"},
      { "a": "flumen, flumina", "b": "rivier"},
      { "a": "iacere", "b": "liggen"},
      { "a": "ibi", "b": "daar"},
      { "a": "ideo", "b": "daarom"},
      { "a": "in", "b": "in, naar"},
      { "a": "inter", "b": "tussen, tijdens"},
      { "a": "iubere", "b": "bevelen"},
      { "a": "lacrimare", "b": "huilen"},
      { "a": "locus", "b": "plaats"},
      { "a": "mandatum", "b": "opdracht"}
    ],
    "1_Flumen_2": [
      { "a": "mandatum", "b": "opdracht"},
      { "a": "necare", "b": "doden" },
      { "a": "non", "b": "niet" },
      { "a": "ponere", "b": "plaatsen" },
      { "a": "portare", "b": "dragen" },
      { "a": "puer, pueri", "b": "jongen" },
      { "a": "recusare", "b": "weigeren" },
      { "a": "rex, reges", "b": "koning" },
      { "a": "servus ", "b": "slaaf" },
      { "a": "tamen", "b": "toch" },
      { "a": "timere", "b": "vrezen" },
      { "a": "tollere", "b": "optillen" },
      { "a": "ubi", "b": "waar" },
      { "a": "venire", "b": "komen" },
      { "a": "videre", "b": "zien" },
      { "a": "vocare", "b": "roepen, noemen" }
    ],
   "2_Lupa_1": [ 
      { "a": "accedere", "b": "gaan naar" },
      { "a": "bibere", "b": "drinken" },
      { "a": "cogitare", "b": " (na)denken" },
      { "a": "custodire", "b": "bewaken" },
      { "a": "dare", "b": "geven" },
      { "a": "deus", "b": "god" },
      { "a": "dicere", "b": "zeggen" },
      { "a": "esse", "b": "zijn" },
      { "a": "favere+dat", "b": "steun geven aan" },
      { "a": "femina", "b": "vrouw" },
      { "a": "filius", "b": "zoon" },
      { "a": "haud", "b": "helemaal niet" },
      { "a": "mater, matres", "b": "moeder" },
      { "a": "nam", "b": "want" },
      { "a": "nomen, nomina", "b": "naam" },
      { "a": "pater, patres", "b": "vader" }
    ],
   "2_Lupa_2": [
      { "a": "favere+dat", "b": "steun geven aan" },
      { "a": "femina", "b": "vrouw" },
      { "a": "filius", "b": "zoon" },
      { "a": "haud", "b": "helemaal niet" },
      { "a": "mater, matres", "b": "moeder" },
      { "a": "nam", "b": "want" },
      { "a": "nomen, nomina", "b": "naam" },
      { "a": "pater, patres", "b": "vader" },
      { "a": "praebere", "b": "(aan)bieden" },
      { "a": "protegere", "b": "beschermen" },
      { "a": "subito", "b": "plotseling" },
      { "a": "sic", "b": "zo" },
      { "a": "sicut", "b": "zoals" },
      { "a": "ridere", "b": "lachen" },
      { "a": "tradere", "b": "overhandigen" },
      { "a": "uxor, uxores", "b": "echtgenote" }
    ],
   "3_Regnum_1": [  
      { "a": "aedificare", "b": "bouwen" },
      { "a": "amicus", "b": "vriend" },
      { "a": "civis, cives", "b": "burger" },
      { "a": "cum+abl", "b": "met" },
      { "a": "cur", "b": "waarom" },
      { "a": "de+abl", "b": "van(af)" },
      { "a": "dividere", "b": "verdelen" },
      { "a": "dum", "b": " +prs terwijl, zolang als" },
      { "a": "facere, facio", "b": "doen. maken" },
      { "a": "frater, fratres", "b": "broer" },
      { "a": "gladius", "b": "zwaard" },
      { "a": "hostis, hostes", "b": "vijand" },
      { "a": "iam", "b": "al, reeds" },
      { "a": "in+abl", "b": "in, op" },
      { "a": "intrare", "b": "binnenkomen" },
      { "a": "licet(+dat)", "b": "het is toegestaan (aan)" }
     ],
   "3_Regnum_2": [ 
      { "a": "in+abl", "b": "in, op" },
      { "a": "intrare", "b": "binnenkomen" },
      { "a": "licet(+dat)", "b": "het is toegestaan (aan)" },
      { "a": "mons, montes", "b": "berg, heuvel" },
      { "a": "murus", "b": "muur" },
      { "a": "placere+dat", "b": "bevallen" },
      { "a": "populus", "b": "volk" },
      { "a": "primum", "b": "eerst" },
      { "a": "quoque", "b": "ook" },
      { "a": "saxum", "b": "rots, rotsblok" },
      { "a": "sed", "b": "maar" },
      { "a": "stare", "b": "staan" },
      { "a": "tacere", "b": "zwijgen" },
      { "a": "tandem", "b": "eindelijk" },
      { "a": "urbs, urbes", "b": "stad" },
      { "a": "vir, viri", "b": "man" }
    ],
   "4_Capitolium_1": [   
      { "a": "arma", "b": "wapens" },
      { "a": "arx, arces", "b": "burcht" },
      { "a": "auxilium", "b": "hulp" },
      { "a": "cadere", "b": "vallen" },
      { "a": "custos, custodes", "b": "bewaker" },
      { "a": "dormire", "b": "slapen" },
      { "a": "ecce", "b": "kijk" },
      { "a": "miles, milites", "b": "soldaat" },
      { "a": "nox, noctes", "b": "nacht" },
      { "a": "pars, partes", "b": "deel" },
      { "a": "periculum", "b": "gevaar" },
      { "a": "post", "b": "achter of na" },
      { "a": "puella", "b": "meisje" },
      { "a": "retinere", "b": "tegenhouden" },
      { "a": "Roma", "b": "Rome" },
      { "a": "Romanus", "b": "Romein" }
    ],
  "4_Capitolium_2": [  
      { "a": "miles, milites", "b": "soldaat" },
      { "a": "nox, noctes", "b": "nacht" },
      { "a": "pars, partes", "b": "deel" },
      { "a": "periculum", "b": "gevaar" },
      { "a": "post", "b": "achter of na" },
      { "a": "puella", "b": "meisje" },
      { "a": "retinere", "b": "tegenhouden" },
      { "a": "Roma", "b": "Rome" },
      { "a": "Romanus", "b": "Romein" },
      { "a": "semper", "b": "altijd" },
      { "a": "servare", "b": "redden" },
      { "a": "si", "b": "als, indien" },
      { "a": "silentium", "b": "stilte" },
      { "a": "statim", "b": "meteen" },
      { "a": "temptare", "b": "proberen" },
      { "a": "turba", "b": "menigte" }
    ],
  "5_Ignis Vestae_1": [  
      { "a": "abesse", "b": "afwezig zijn" },
      { "a": "addere", "b": "toevoegen" },
      { "a": "annus", "b": "jaar" },
      { "a": "ardere", "b": "branden" },
      { "a": "autem", "b": "echter" },
      { "a": "culpa", "b": "schuld" },
      { "a": "dea", "b": "godin" },
      { "a": "debere", "b": "moeten" },
      { "a": "discedere", "b": "weggaan" },
      { "a": "diu", "b": "lang, lange tijd" },
      { "a": "docere", "b": "onderwijzen" },
      { "a": "e/ex + abl", "b": "uit" },
      { "a": "ignis, ignes", "b": "vuur" },
      { "a": "ludere", "b": "spelen" },
      { "a": "mox", "b": "spoedig" },
      { "a": "nuper", "b": "kort geleden" }
     ],
  "5_Ignis Vestae_2": [
      { "a": "diu", "b": "lang, lange tijd" },
      { "a": "docere", "b": "onderwijzen" },
      { "a": "e/ex + abl", "b": "uit" },
      { "a": "ignis, ignes", "b": "vuur" },
      { "a": "ludere", "b": "spelen" },
      { "a": "mox", "b": "spoedig" },
      { "a": "nuper", "b": "kort geleden" },
      { "a": "orare", "b": "bidden tot/smeken om" },
      { "a": "ostendere", "b": "tonen" },
      { "a": "per + acc", "b": "door(heen)/gedurende" },
      { "a": "poena", "b": "straf" },
      { "a": "signum", "b": "teken" },
      { "a": "sol, soles", "b": "zon" },
      { "a": "super + acc", "b": "boven(op), over" },
      { "a": "tantum", "b": "slechts, allen maar" },
      { "a": "vivere", "b": "leven" }
     ],
  "6_Castor et Polluxe_1": [
      { "a": "amare", "b": "houden van, lief hebben" },
      { "a": "bellum", "b": "oorlog" },
      { "a": "celebrare", "b": "(feest) vieren" },
      { "a": "cupere, cupio", "b": "graag willen, verlangen" },
      { "a": "dux, duces", "b": "aanvoerder, leider" },
      { "a": "equus", "b": "paard" },
      { "a": "exspectare", "b": "wachten(op), verwachten" },
      { "a": "forum", "b": "marktplaats" },
      { "a": "fugere, fugio", "b": "vluchten" },
      { "a": "gerere", "b": "dragen, voeren" },
      { "a": "interea", "b": "intussen" },
      { "a": "narrare", "b": "vertellen" },
      { "a": "num", "b": "(toch) zeker niet" },
      { "a": "pro + abl", "b": "voor, in plaats van" },
      { "a": "prope + acc", "b": "dichtbij" },
      { "a": "pugna", "b": "gevecht" }
    ],
  "6_Castor et Polluxe_2": [
      { "a": "fugere, fugio", "b": "vluchten" },
      { "a": "gerere", "b": "dragen, voeren" },
      { "a": "interea", "b": "intussen" },
      { "a": "narrare", "b": "vertellen" },
      { "a": "num", "b": "(toch) zeker niet" },
      { "a": "pro + abl", "b": "voor, in plaats van" },
      { "a": "prope + acc", "b": "dichtbij" },
      { "a": "pugna", "b": "gevecht" },
      { "a": "pugnare", "b": "vechten" },
      { "a": "scilicet", "b": "natuurlijk" },
      { "a": "sedere", "b": "zitten" },
      { "a": "templum", "b": "tempel" },
      { "a": "vendere", "b": "verkopen" },
      { "a": "victoria", "b": "overwinning" },
      { "a": "vincere", "b": "(over)winnen" },
      { "a": "vita", "b": "(het)leven" }
   ],
  "8_Triumphus_1": [
      { "a": "ante", "b": "voor" },
      { "a": "aut", "b": "of" },
      { "a": "complere", "b": "vullen" },
      { "a": "curare + acc", "b": "verzorgen, zorgen voor" },
      { "a": "emere", "b": "kopen" },
      { "a": "filia", "b": "dochter" },
      { "a": "fortasse", "b": "misschien" },
      { "a": "habere", "b": "hebben" },
      { "a": "hic bijwoord", "b": "hier" },
      { "a": "immo", "b": "integendeel" },
      { "a": "incipere, incipio", "b": "beginnen" },
      { "a": "initium", "b": "begin" },
      { "a": "manere", "b": "blijven" },
      { "a": "nihil nom/acc", "b": "niets" },
      { "a": "nonne", "b": "(toch) zeker wel" },
      { "a": "pecunia", "b": "geld" }
    ],
  "8_Triumphus_2": [
      { "a": "incipere, incipio", "b": "beginnen" },
      { "a": "initium", "b": "begin" },
      { "a": "manere", "b": "blijven" },
      { "a": "nihil nom/acc", "b": "niets" },
      { "a": "nonne", "b": "(toch) zeker wel" },
      { "a": "pecunia", "b": "geld" },
      { "a": "poculum", "b": "beker" },
      { "a": "quando", "b": "wanneer" },
      { "a": "quod", "b": "omdat, (datgene) wat" },
      { "a": "respondere", "b": "antwoorden" },
      { "a": "rogare", "b": "vragen" },
      { "a": "soror, sorores", "b": "zus" },
      { "a": "spectator, ores", "b": "toeschouwer" },
      { "a": "sub + abl", "b": "onder" },
      { "a": "vetare", "b": "verbieden" },
      { "a": "via", "b": "weg, straat" }
   ],
  "9_Gladiatores_1": [
      { "a": "cito bijw", "b": "snel" },
      { "a": "claudere", "b": "sluiten" },
      { "a": "currere", "b": "rennen" },
      { "a": "deinde", "b": "daarna" },
      { "a": "domi", "b": "thuis" },
      { "a": "finire", "b": "beeindigen" },
      { "a": "fluere", "b": "stromen" },
      { "a": "gaudere", "b": "blij zijn" },
      { "a": "hodie", "b": "vandaag" },
      { "a": "ita", "b": "zo" },
      { "a": "iterum", "b": "weer, opnieuw" },
      { "a": "nemo, gen neminis", "b": "niemand" },
      { "a": "numquam", "b": "nooit" },
      { "a": "nuntiare", "b": "berichten, aankondigen" },
      { "a": "oculus", "b": "oog" },
      { "a": "posse", "b": "kunnen" }
    ],
  "9_Gladiatores_2": [
      { "a": "ita", "b": "zo" },
      { "a": "iterum", "b": "weer, opnieuw" },
      { "a": "nemo, gen neminis", "b": "niemand" },
      { "a": "numquam", "b": "nooit" },
      { "a": "nuntiare", "b": "berichten, aankondigen" },
      { "a": "oculus", "b": "oog" },
      { "a": "posse", "b": "kunnen" },
      { "a": "quid", "b": "wat" },
      { "a": "quis", "b": "wie" },
      { "a": "quo", "b": "waarheen" },
      { "a": "sanguis, gen -guinis", "b": "bloed" },
      { "a": "spectaculum", "b": "voorstelling" },
      { "a": "spectare", "b": "kijken(naar)" },
      { "a": "superare", "b": "overtreffen, overwinnen" },
      { "a": "ubique", "b": "overal" },
      { "a": "valde", "b": "zeer, erg" }
     ],
  "10_Spectacula_1": [
      { "a": "a/ab + abl", "b": "vanaf, door" },
      { "a": "agmen, agmina", "b": "rij, stoet" },
      { "a": "caput, capita", "b": "hoofd" },
      { "a": "corpus, corpora", "b": "lichaam" },
      { "a": "enim", "b": "immers, want" },
      { "a": "frustra", "b": "tevergeefs" },
      { "a": "homo, homines", "b": "mens, man" },
      { "a": "leo, leones", "b": "leeuw" },
      { "a": "longe", "b": "ver(weg), verreweg" },
      { "a": "pendere", "b": "hangen" },
      { "a": "per + acc", "b": "door(heen), gedurende, over(heen)" },
      { "a": "pes, pedes", "b": "voet, poot" },
      { "a": "petere", "b": "aanvallen" },
      { "a": "procedere", "b": "voortgaan, lopen" },
      { "a": "resistere", "b": "weerstand bieden" },
      { "a": "salutare", "b": "(be)groeten" }
  ],
  "10_Spectacula_2": [   
      { "a": "frustra", "b": "tevergeefs" },
      { "a": "homo, homines", "b": "mens, man" },
      { "a": "leo, leones", "b": "leeuw" },
      { "a": "longe", "b": "ver(weg), verreweg" },
      { "a": "pendere", "b": "hangen" },
      { "a": "per + acc", "b": "door(heen), gedurende, over(heen)" },
      { "a": "pes, pedes", "b": "voet, poot" },
      { "a": "petere", "b": "aanvallen" },
      { "a": "procedere", "b": "voortgaan, lopen" },
      { "a": "resistere", "b": "weerstand bieden" },
      { "a": "salutare", "b": "(be)groeten" },
      { "a": "tenere", "b": "(vast)houden" },
      { "a": "terra", "b": "aarde, grond" },
      { "a": "umbra", "b": "schaduw" },
      { "a": "vinum", "b": "wijn" },
      { "a": "vulnerare", "b": "verwonden" }
     ],
  "11_Pugna_1": [   
      { "a": "adhuc", "b": "nog, tot nu toe" },
      { "a": "antea", "b": "eerder" },
      { "a": "appropinquare+dat", "b": "naderen" },
      { "a": "causa", "b": "reden" },
      { "a": "centum", "b": "honderd" },
      { "a": "consistere", "b": "blijven staan" },
      { "a": "contra+acc", "b": "tegen(over)" },
      { "a": "domum", "b": "naar huis" },
      { "a": "hora", "b": "uur" },
      { "a": "id nom/acc", "b": "dit" },
      { "a": "ire", "b": "gaan" },
      { "a": "negare", "b": "ontkennen, weigeren" },
      { "a": "nondum", "b": "nog niet" },
      { "a": "nunc", "b": "nu" },
      { "a": "quidem...sed", "b": "wel(iswaar)...maar" },
      { "a": "scire", "b": "weten" }
    ],
  "11_Pugna_2": [ 
      { "a": "domum", "b": "naar huis" },
      { "a": "hora", "b": "uur" },
      { "a": "id nom/acc", "b": "dit" },
      { "a": "ire", "b": "gaan" },
      { "a": "negare", "b": "ontkennen, weigeren" },
      { "a": "nondum", "b": "nog niet" },
      { "a": "nunc", "b": "nu" },
      { "a": "quidem...sed", "b": "wel(iswaar)...maar" },
      { "a": "scire", "b": "weten" },
      { "a": "sine+abl", "b": "zonder" },
      { "a": "terrere", "b": "bang maken" },
      { "a": "tunc", "b": "op dat moment, toen" },
      { "a": "verbum", "b": "woord" },
      { "a": "vertere", "b": "keren, wenden" },
      { "a": "victor, victores", "b": "(over)winnaar" },
      { "a": "vitare", "b": "vermijden" }
 ],
  "12_Circus Maximus_1": [ 
      { "a": "cecidi", "b": "pf van cadere" },
      { "a": "cedere", "b": "(aan de kant)gaan, toegeven" },
      { "a": "certamen, certamina", "b": "wedstrijd" },
      { "a": "constiti", "b": "pf van consistere" },
      { "a": "dixi", "b": "pf van dicere" },
      { "a": "ducere", "b": "leiden, brengen" },
      { "a": "duxi", "b": "pf van ducere" },
      { "a": "feci", "b": "pf van facere" },
      { "a": "fui", "b": "pf van esse" },
      { "a": "heri", "b": "gisteren" },
      { "a": "incepi", "b": "pf van incipere" },
      { "a": "iniuria", "b": "onrecht" },
      { "a": "parare", "b": "klaarmaken" },
      { "a": "postquam +pf", "b": "nadat" },
      { "a": "potui", "b": "pf van posse" },
      { "a": "regere", "b": "besturen, leiden" }
     ],
  "12_Circus Maximus_2": [ 
      { "a": "heri", "b": "gisteren" },
      { "a": "incepi", "b": "pf van incipere" },
      { "a": "iniuria", "b": "onrecht" },
      { "a": "parare", "b": "klaarmaken" },
      { "a": "postquam +pf", "b": "nadat" },
      { "a": "potui", "b": "pf van posse" },
      { "a": "regere", "b": "besturen, leiden" },
      { "a": "respondi", "b": "pf van respondere" },
      { "a": "rexi", "b": "pf van regere" },
      { "a": "risi", "b": "pf van ridere" },
      { "a": "saepe", "b": "vaak" },
      { "a": "satis", "b": "genoeg" },
      { "a": "tangere", "b": "aanraken" },
      { "a": "tetigi", "b": "pf van tangere" },
      { "a": "veni", "b": "pf van venire" },
      { "a": "vici", "b": "pf van vincere" }
    ]
  },  
  "Neue Kontakte": {
    "Essen_1" : [
      { "a": "de koffie", "b": "der Kaffee" },
      { "a": "het zout", "b": "das Salz" },
      { "a": "de pasta", "b": "die Nudeln" },
      { "a": "nemen", "b": "nehmen" },
      { "a": "de cola", "b": "die Cola" },
      { "a": "het brood", "b": "das Brot" },
      { "a": "het glas", "b": "das Glas" },
      { "a": "de schnitzel", "b": "das Schnitzel" },
      { "a": "het water", "b": "das Wasser" },
      { "a": "warm", "b": "warm" },
      { "a": "drinken", "b": "trinken" },
      { "a": "de aardappelen", "b": "die Kartoffeln" },
      { "a": "genoeg", "b": "genug" },
      { "a": "de sinaasappelsap", "b": "der Orangensaft" },
      { "a": "de thee", "b": "der Tee" },
      { "a": "smaken", "b": "schmecken" }    
    ],
    "Essen_2" : [
      { "a": "de fles", "b": "die Flasche" },
      { "a": "het mes", "b": "das Messer" },
      { "a": "koud", "b": "kalt" },
      { "a": "de vork", "b": "die Gabel" },
      { "a": "de saus, de jus", "b": "die Soße" },
      { "a": "het kopje", "b": "die Tasse" },
      { "a": "de soep", "b": "die Suppe" },
      { "a": "bestellen", "b": "bestellen" },
      { "a": "de peper", "b": "der Pfeffer" },
      { "a": "Pardon!", "b": "Entschuldigung!" },
      { "a": "de sla", "b": "der Salat" },
      { "a": "het fruit", "b": "das Obst" },
      { "a": "de rijst", "b": "der Reis" },
      { "a": "de flessen", "b": "die Flaschen" },
      { "a": "de menukaart", "b": "die Speisekarte" },
      { "a": "het bord", "b": "der Teller" }
    ],
    "Essen_3" : [
      { "a": "de messen", "b": "die Messer" },
      { "a": "het ijs", "b": "das Eis" },
      { "a": "de broden", "b": "die Brote" },
      { "a": "dank u wel", "b": "danke" },
      { "a": "eten", "b": "essen" },
      { "a": "gedronken", "b": "getrunken" },
      { "a": "de vis", "b": "der Fisch" },
      { "a": "het eten", "b": "das Essen" },
      { "a": "het graan", "b": "das Getreide" },
      { "a": "het ingrediënt", "b": "die Zutat" },
      { "a": "nodig hebben", "b": "brauchen" },
      { "a": "de snelheid", "b": "die Geschwindigkeit" },
      { "a": "de opleiding", "b": "die Ausbildung" },
      { "a": "de patat, friet", "b": "die Pommes" },
      { "a": "gegeten", "b": "gegessen" },
      { "a": "de groente", "b": "das Gemüse" }
    ],
    "Essen_4" : [
      { "a": "de rekening", "b": "die Rechnung" },
      { "a": "de vorken", "b": "die Gabeln" },
      { "a": "de suiker", "b": "der Zucker" },
      { "a": "de borden", "b": "die Teller" },
      { "a": "het toetje", "b": "der Nachtisch" },
      { "a": "de lepel", "b": "der Löffel" },
      { "a": "genomen", "b": "genommen" },
      { "a": "heet", "b": "heiß" },
      { "a": "Eet smakelijk!", "b": "Guten Appetit!" },
      { "a": "het vlees", "b": "das Fleisch" },
      { "a": "de schnitzels", "b": "die Schnitzel" },
      { "a": "het restaurant", "b": "das Restaurant" },
      { "a": "de glazen", "b": "die Gläser" },
      { "a": "de soepen", "b": "die Suppen" },
      { "a": "de kopjes", "b": "die Tassen" },
      { "a": "de restaurants", "b": "die Restaurants" }
    ],
    "Essen_5" : [
      { "a": "de lepels", "b": "die Löffel" },
      { "a": "het broodje", "b": "das Brötchen" },
      { "a": "de kaas", "b": "der Käse" },
      { "a": "de ham", "b": "der Schinken" },
      { "a": "de tonijn", "b": "der Thunfisch" },
      { "a": "de ui", "b": "die Zwiebel" },
      { "a": "de tafel", "b": "der Tisch" },
      { "a": "krijgen", "b": "bekommen" },
      { "a": "het drankje", "b": "das Getränk" },
      { "a": "de plaats, plek", "b": "der Ort" },
      { "a": "het ontbijt", "b": "das Frühstück" },
      { "a": "de zalm", "b": "der Lachs" },
      { "a": "het nagerecht", "b": "die Nachspeise" },
      { "a": "het sneetje", "b": "die Scheibe" }
    ]
  }  
}
