
{
  "Deutsch": {
    "Essen_Buchstabe_1": [
      {
        "id": "Essen1-letter-rounds",
        "mode": "letter-rounds",
        "rounds": [
          { "hint": "de koffie", "target": "der Kaffee" },
          { "hint": "het zout", "target": "das Salz" },
          { "hint": "de pasta", "target": "die Nudeln" },
          { "hint": "nemen", "target": "nehmen" },
          { "hint": "de cola", "target": "die Cola" },
          { "hint": "het brood", "target": "das Brot" },
          { "hint": "het glas", "target": "das Glas" },
          { "hint": "de schnitzel", "target": "das Schnitzel" },
          { "hint": "het water", "target": "das Wasser" },
          { "hint": "warm", "target": "warm" }
        ],
        "speed": 1.0,
        "rowSize": 10,          
        "rowStep": 52,          
        "bulletSpeed": 600
      }
    ],
    "Essen_Buchstabe_2": [
      {
        "id": "Essen2-letter-rounds",
        "mode": "letter-rounds",
        "rounds": [
          { "hint": "drinken", "target": "trinken" },
          { "hint": "de aardappelen", "target": "die Kartoffeln" },
          { "hint": "genoeg", "target": "genug" },
          { "hint": "de sinaasappelsap", "target": "der Orangensaft" },
          { "hint": "de thee", "target": "der Tee" },
          { "hint": "smaken", "target": "schmecken" },
          { "hint": "de fles", "target": "die Flasche" },
          { "hint": "het mes", "target": "das Messer" },
          { "hint": "koud", "target": "kalt" },
          { "hint": "de vork", "target": "die Gabel" }
        ],
        "speed": 1.0,
        "rowSize": 10,          
        "rowStep": 52,          
        "bulletSpeed": 600
      }
    ],
    "Essen_Buchstabe_3": [
      {
        "id": "Essen3-letter-rounds",
        "mode": "letter-rounds",
        "rounds": [
          { "hint": "de saus, de jus", "target": "die Soße" },
          { "hint": "het kopje", "target": "die Tasse" },
          { "hint": "de soep", "target": "die Suppe" },
          { "hint": "bestellen", "target": "bestellen" },
          { "hint": "de peper", "target": "der Pfeffer" },
          { "hint": "Pardon!", "target": "Entschuldigung!" },
          { "hint": "de sla", "target": "der Salat" },
          { "hint": "het fruit", "target": "das Obst" },
          { "hint": "de rijst", "target": "der Reis" },
          { "hint": "de flessen", "target": "die Flaschen" }
        ],
        "speed": 1.0,
        "rowSize": 10,          
        "rowStep": 52,          
        "bulletSpeed": 600
      }
    ],
    "Essen_Buchstabe_4": [
      {
        "id": "Essen4-letter-rounds",
        "mode": "letter-rounds",
        "rounds": [
          { "hint": "de menukaart", "target": "die Speisekarte" },
          { "hint": "het bord", "target": "der Teller" },
          { "hint": "de messen", "target": "die Messer" },
          { "hint": "het ijs", "target": "das Eis" },
          { "hint": "de broden", "target": "die Brote" },
          { "hint": "dank u wel", "target": "danke" },
          { "hint": "eten", "target": "essen" },
          { "hint": "gedronken", "target": "getrunken" },
          { "hint": "de vis", "target": "der Fisch" },
          { "hint": "het eten", "target": "das Essen" }
        ],
        "speed": 1.0,
        "rowSize": 10,          
        "rowStep": 52,          
        "bulletSpeed": 600
      }
    ],
    "Essen_Buchstabe_5": [
      {
        "id": "Essen5-letter-rounds",
        "mode": "letter-rounds",
        "rounds": [
          { "hint": "het graan", "target": "das Getreide" },
          { "hint": "het ingrediënt", "target": "die Zutat" },
          { "hint": "nodig hebben", "target": "brauchen" },
          { "hint": "de snelheid", "target": "die Geschwindigkeit" },
          { "hint": "de opleiding", "target": "die Ausbildung" },
          { "hint": "de patat, friet", "target": "die Pommes" },
          { "hint": "gegeten", "target": "gegessen" },
          { "hint": "de groente", "target": "das Gemüse" },
          { "hint": "de rekening", "target": "die Rechnung" },
          { "hint": "de vorken", "target": "die Gabeln" }
        ],
        "speed": 1.0,
        "rowSize": 10,          
        "rowStep": 52,          
        "bulletSpeed": 600
      }
    ],
    "Essen_Buchstabe_6": [
      {
        "id": "Essen6-letter-rounds",
        "mode": "letter-rounds",
        "rounds": [
          { "hint": "de suiker", "target": "der Zucker" },
          { "hint": "de borden", "target": "die Teller" },
          { "hint": "het toetje", "target": "der Nachtisch" },
          { "hint": "de lepel", "target": "der Löffel" },
          { "hint": "genomen", "target": "genommen" },
          { "hint": "heet", "target": "heiß" },
          { "hint": "Eet smakelijk!", "target": "Guten Appetit!" },
          { "hint": "het vlees", "target": "das Fleisch" },
          { "hint": "de schnitzels", "target": "die Schnitzel" },
          { "hint": "het restaurant", "target": "das Restaurant" },
          { "hint": "de glazen", "target": "die Gläser" }
        ],
        "speed": 1.0,
        "rowSize": 10,          
        "rowStep": 52,          
        "bulletSpeed": 600
      }
    ],
    "Essen_Buchstabe_7": [
      {
        "id": "Essen7-letter-rounds",
        "mode": "letter-rounds",
        "rounds": [
          { "hint": "de soepen", "target": "die Suppen" },
          { "hint": "de kopjes", "target": "die Tassen" },
          { "hint": "de restaurants", "target": "die Restaurants" },
          { "hint": "de lepels", "target": "die Löffel" },
          { "hint": "de ananas", "target": "die Ananas" },
          { "hint": "het broodje", "target": "das Brötchen" },
          { "hint": "de kaas", "target": "der Käse" },
          { "hint": "de ham", "target": "der Schinken" },
          { "hint": "de tonijn", "target": "der Thunfisch" },
          { "hint": "de ui", "target": "die Zwiebel" },
          { "hint": "de tafel", "target": "der Tisch" }
        ],
        "speed": 1.0,
        "rowSize": 10,          
        "rowStep": 52,          
        "bulletSpeed": 600
      }
    ],
    "Essen_Buchstabe_8": [
      {
        "id": "Essen8-letter-rounds",
        "mode": "letter-rounds",
        "rounds": [
          { "hint": "krijgen", "target": "bekommen" },
          { "hint": "het drankje", "target": "das Getränk" },
          { "hint": "op tv", "target": "im Fernsehen" },
          { "hint": "het maakt niet uit", "target": "es ist egal" },
          { "hint": "de plaats, plek", "target": "der Ort" },
          { "hint": "er is, er zijn", "target": "es gibt" },
          { "hint": "de gebakken aardappelen", "target": "die Bratkartoffeln" },
          { "hint": "het ontbijt", "target": "das Frühstück" },
          { "hint": "de zalm", "target": "der Lachs" },
          { "hint": "het nagerecht", "target": "die Nachspeise" },
          { "hint": "het sneetje", "target": "die Scheibe" }
        ],
        "speed": 1.0,
        "rowSize": 10,          
        "rowStep": 52,          
        "bulletSpeed": 600
      }
    ],
    "Essen_Wörter_1": [
      {
        "id": "Essen1-words",
        "mode": "word",
        "wordRounds": [
          {
            "hint": "Ik ontbijt elke ochtend een broodje met kaas",
            "sentence": "Ich frühstücke jeden Morgen ein Brötchen mit Käse",
            "targetWords": ["Ich", "frühstücke", "jeden", "Morgen", "ein", "Brötchen", "mit", "Käse"],
            "wordBank": ["Ich", "frühstücke", "jeden", "Morgen", "ein", "Brötchen", "mit", "Käse", "Gemüse", "oft" ]
          },
          {
            "hint": "Als lunch eet ik vaak pasta met groente",
            "sentence": "Zum Mittagessen esse ich oft Nudeln mit Gemüse",
            "targetWords": ["Zum", "Mittagessen", "esse", "ich", "oft", "Nudeln", "mit", "Gemüse"],
            "wordBank": ["Zum", "Mittagessen", "esse", "ich", "oft", "Nudeln", "mit", "Gemüse", "jeden", "und" ]
          },
          {
            "hint": "Om te drinken neem ik een cola en een glas water.",
            "sentence": "Zum Trinken nehme ich eine Cola und ein Glas Wasser",
            "targetWords": ["Zum", "Trinken", "nehme", "ich", "eine", "Cola", "und", "ein", "Glas", "Wasser"],
            "wordBank": ["Zum", "Trinken", "nehme", "ich", "eine", "Cola", "und", "ein", "Glas", "Wasser", "ein", "mit" ]
          },
          {
            "hint": "Als toetje eet ik graag ijs of fruit",
            "sentence": "Zum Nachtisch esse ich gern Eis oder Obst.",
            "targetWords": ["Zum", "Nachtisch", "esse", "ich", "gern", "Eis", "oder", "Obst"],
            "wordBank": ["Zum", "Nachtisch", "esse", "ich", "gern", "Eis", "oder", "Obst", "Gemüse", "Iff"]
          },
          {
            "hint": "Pardon, kunt u even komen alstublieft?",
            "sentence": "Entschuldigung, können Sie bitte kommen?",
            "targetWords": ["Entschuldigung,", "können", "Sie", "bitte", "kommen?"],
            "wordBank": ["Entschuldigung,", "können", "Sie", "bitte", "kommen?", "komen?", "U", "bitte?"]
          },
          {
            "hint": "De menukaart, alstublieft.",
            "sentence": "Die Speisekarte, bitte",
            "targetWords": ["Die", "Speisekarte,", "bitte"],
            "wordBank": ["Die", "Der", "Das", "Speisekarte,", "Menukarte,", "Essekarte", "bitte", "bitten"]
          },
          {
            "hint": "We willen graag bestellen",
            "sentence": "Wir möchten bestellen",
            "targetWords": ["Wir", "möchten", "bestellen"],
            "wordBank": ["Wir", "möchten", "bestellen", "Wei", "willen", "kunnen", "beistellen", "ordernen"]
          },
          {
            "hint": "Zullen we samen iets gaan eten?",
            "sentence": "Wollen wir zusammen etwas essen gehen?",
            "targetWords": ["Wollen", "wir", "zusammen", "etwas", "essen", "gehen?" ],
            "wordBank": ["Wollen", "wir", "zusammen", "etwas", "essen", "gehen?", "möchten", "sammen"]
          },
          {
            "hint": "Wat eet jij het liefst?",
            "sentence": "Was ist dein Lieblingsessen?",
            "targetWords": ["Was", "ist", "dein", "Lieblingsessen?"],
            "wordBank": ["Was", "ist", "dein", "Lieblingsessen?", "is", "dir", "liebe?", "Wasser" ]
          },
          {
            "hint": "Eet jij liever vlees of vis?",
            "sentence": "Magst du lieber Fleisch oder Fisch?",
            "targetWords": ["Magst", "du", "lieber", "Fleisch", "oder", "Fisch?"],
            "wordBank": ["Magst", "du", "lieber", "Fleisch", "oder", "Fisch?", "liebling", "Gemüse", "dich"]
          }
        ],
        "speed": 1.0,
        "rowSize": 8,
        "rowStep": 52,
        "bulletSpeed": 600
      }
    ]
  }
}

